session_date,session_start,unique_id,display_name
2026-03-12,23:12:39,amane_fts,test
2026-03-12,23:50:17,amane_fts,test
2026-03-12,23:50:17,ppt1113,ppt1113
2026-03-12,23:50:17,yoo_1792,yoo
2026-03-13,21:07:30,ar0503555,暇人なロブロ民︎︎︎︎︎︎☑️
2026-03-13,21:07:30,renjiro7680,❤️あわわちゃん🫧
2026-03-13,21:07:30,nao_55555,ブラック・ジギング
2026-03-13,21:07:30,user74615466755743,こうのですよ？
2026-03-13,21:07:30,coco819325,あんな😉💙
2026-03-13,21:07:30,yuji1708,おにぎりくん
2026-03-13,21:07:30,joeichiro13,joeichiro13
2026-03-13,21:07:30,user25861026949432,りゅけ
2026-03-13,21:07:30,ndle.psuke,NDLE Psukeみおべ
2026-03-13,21:07:30,koheitsukabuchi,サブ
2026-03-13,21:07:30,user94337714338622,ぴよきち！
2026-03-13,21:07:30,koheitsukabuchi,サブ
2026-03-13,21:07:30,koheitsukabuchi,サブ
2026-03-13,21:07:30,user5004485369710,けいすけ
2026-03-13,21:07:30,_162670,_:(´ཀ`」 ∠):
2026-03-13,21:07:30,isgk_o,ひじり
2026-03-13,21:07:30,user6804826820922,ビーバー
2026-03-13,21:07:30,live_potato777,ブタ🐖
2026-03-13,21:07:30,user4251322247799,話聞こか？
2026-03-13,21:07:30,user23218771919662,シャバ僧
2026-03-13,21:07:30,yahaton2,yahaton
2026-03-13,21:07:30,12fi09,kOxr_7
2026-03-13,21:07:30,user75750494798056,つっくん
2026-03-13,21:07:30,tanso_0716,二酸化炭素
2026-03-13,21:07:30,user23218771919662,シャバ僧
2026-03-13,21:07:30,user753420517280,どうも天才です 。
2026-03-13,21:07:30,user3433058032715,たいが
2026-03-13,21:07:30,user22372958730973,ブレロ大好き❤
2026-03-13,21:07:30,yunaru092,yunaru☁️🎀
2026-03-13,21:07:30,user23218771919662,シャバ僧
2026-03-13,21:07:30,user23218771919662,シャバ僧
2026-03-13,21:07:30,t6827177,shintaro
2026-03-13,21:07:30,amane_fts,test
2026-03-13,21:07:30,miroggi_78,ᚣᚳᛊᚻᛕᛨᚴ_ᛇᛒᛊᛠᛜᛈᛊᛕ
2026-03-13,21:07:30,user8174715237443,user8174715237443
2026-03-13,21:07:30,benoznvwmhi,るちゃ❄️🩵
2026-03-13,21:07:30,dio06408,DIO（りゅう）
2026-03-13,21:07:30,tanso_0716,二酸化炭素
2026-03-13,21:07:30,hasumoto71926,はすもと
2026-03-13,21:07:30,user1177781578067,𝕚ℙ𝕙𝕠𝕟𝕖
2026-03-13,21:07:30,user18746307767177,かえぽん
2026-03-13,21:07:30,missbloomie639,オグリ
2026-03-13,21:07:30,cl3_o7,︎
2026-03-13,21:07:30,user4238070123638,かさあさ
2026-03-13,21:07:30,zabi_ad,ぽちゃ
2026-03-13,21:07:30,sh24823,Hinata_1708
2026-03-15,22:53:14,yukiminn_dayo,Yukiminn
2026-03-15,22:53:14,user4359293319777,358
2026-03-15,22:53:14,mstkf7,ファムくん推し
2026-03-15,22:53:14,terumimonden,ロブロだいすき
2026-03-15,22:53:14,hyde4299,Hyde
2026-03-15,22:53:14,user3913455395818,たらばがにだよ
2026-03-15,22:53:14,shuto23659,👻 EDGAR👻
2026-03-15,22:53:14,mu._.kun7964,むー（くん）
2026-03-15,22:53:14,mu._.kun7964,むー（くん）
2026-03-15,22:53:14,user40371537243408,ホクロカス
2026-03-15,22:53:14,riku121754,RIKU82番
2026-03-15,22:53:14,dadradarakozou,そうみぃ(すとぷり推しりいぬが1番)
2026-03-15,22:53:14,user4312827254838,セイちゃん
2026-03-15,22:53:14,shuntseqrbs,ドラミちゃん
2026-03-15,22:53:14,mu._.kun7964,むー（くん）
2026-03-15,22:53:14,dadradarakozou,そうみぃ(すとぷり推しりいぬが1番)
2026-03-15,22:53:14,shuntseqrbs,ドラミちゃん
2026-03-15,22:53:14,ouo0nm,umi
2026-03-17,15:05:05,amane_fts,test
2026-03-17,15:05:05,inti0227,いんたい!!
2026-03-17,15:26:15,amane_fts,test
2026-03-17,15:36:03,amane_fts,test
2026-03-17,15:36:03,user1357144481616,そら🕊️🌸
2026-03-17,15:36:03,user8848110223841,あ
2026-03-17,15:36:03,user88751374595013,クンチ
2026-03-17,15:36:03,user93270371969485,ハイパーくんに
2026-03-17,15:48:04,mocachoco0903,moka
2026-03-17,15:48:04,amane_fts,test
2026-03-17,15:48:04,rz_grace0530,R_grace
2026-03-20,10:52:52,user8844028085263,佐藤瑛太
2026-03-20,10:52:52,user2181818397610,サッカー⚽️
2026-03-20,10:52:52,keishiojiro,フォローしたらすぐ解除するよ
2026-03-20,10:52:52,user51vf3q9frp,りパパ
2026-03-20,10:52:52,user6881716149023,特別緊急車両が好きあとロブロも好き
2026-03-20,10:52:52,yutama774,ゆりあだよー
2026-03-20,10:52:52,user62672053201293,佐藤
2026-03-20,10:52:52,user6505702738073,暇人🖤🐾🐾
2026-03-20,10:52:52,berun20160203,ベルン
